scenario,model,step,protection_share,capability,output_proxy
conditional_support,endogenous,0,0.3,0.62,0.51752
conditional_support,endogenous,1,0.12564157310046906,0.6292472120603787,0.5851666000262007
conditional_support,endogenous,2,0.048966245569869504,0.6465019852429398,0.6284788114277465
conditional_support,endogenous,3,0.021658541613386536,0.6672234896958196,0.6588029211944129
conditional_support,endogenous,4,0.012648446996902032,0.6888756350793077,0.6836841151170648
conditional_support,endogenous,5,0.00974514166830508,0.7104733506360918,0.7062630155737668
conditional_support,endogenous,6,0.008808501378572899,0.7327519054194831,0.7287499690600657
conditional_support,endogenous,7,0.008482696739720592,0.7547988750169419,0.7507580166005363
conditional_support,endogenous,8,0.008328614399762327,0.7760103905964028,0.7718661838651898
conditional_support,endogenous,9,0.008227975489645881,0.7973196767755419,0.7930500899493306
conditional_support,endogenous,10,0.008145051184503536,0.8182966920081309,0.8138993454181329
conditional_support,endogenous,11,0.008078143724423814,0.8389905725826395,0.8344621546107978
conditional_support,endogenous,12,0.00801336765508072,0.8594121193567453,0.8547564454813265
conditional_support,endogenous,13,0.007948622000456011,0.8798304659980568,0.8750502083785917
conditional_support,endogenous,14,0.00789324355164179,0.8993918073071573,0.8944905094543526
conditional_support,endogenous,15,0.00784526179522347,0.919080438251221,0.9140544150504195
conditional_support,endogenous,16,0.00779247751837955,0.9388352472455208,0.9336891506627275
conditional_support,endogenous,17,0.00774022843901273,0.9579700815782778,0.9527102848087146
conditional_support,endogenous,18,0.007689350152669289,0.9770038033626478,0.9716323211740002
conditional_support,endogenous,19,0.00763892061495562,0.9929762607446825,0.9875178605013516
conditional_support,endogenous,20,0.007605485386639931,0.9994455067734082,0.9939616361807142
conditional_support,endogenous,21,0.007594030560171226,0.9999902310349826,0.994510454592485
conditional_support,endogenous,22,0.007579161633326159,1.0,0.9945308769653919
conditional_support,endogenous,23,0.007584491728822681,1.0,0.9945270307684816
conditional_support,endogenous,24,0.00758210273386383,1.0,0.9945287546672439
conditional_support,endogenous,25,0.007581825536822752,1.0,0.9945289546926287
conditional_support,endogenous,26,0.0075781693866549624,1.0,0.9945315929705898
conditional_support,endogenous,27,0.007582608556872958,1.0,0.9945283896653605
conditional_support,endogenous,28,0.0075866077776623785,1.0,0.9945255038276388
conditional_support,endogenous,29,0.007577187175336101,1.0,0.9945323017342774
conditional_support,endogenous,30,0.007571245334412679,1.0,0.9945365893666878
conditional_support,endogenous,31,0.0075811252935198544,1.0,0.9945294599881961
conditional_support,endogenous,32,0.007590099560147621,1.0,0.9945229841573975
conditional_support,endogenous,33,0.007582752563566419,1.0,0.9945282857501305
conditional_support,endogenous,34,0.007574813590162936,1.0,0.9945340145133384
conditional_support,endogenous,35,0.007579985793999461,1.0,0.99453028225105
conditional_support,endogenous,36,0.00757313344193844,1.0,0.9945352269082972
conditional_support,endogenous,37,0.007580173318875935,1.0,0.9945301469330992
conditional_support,endogenous,38,0.007575194207275729,1.0,0.9945337398600298
conditional_support,endogenous,39,0.007587024034064581,1.0,0.994525203457019
conditional_support,endogenous,40,0.0075902873362323,1.0,0.9945228486581748
conditional_support,endogenous,41,0.0075839017005269824,1.0,0.9945274565328998
conditional_support,endogenous,42,0.007588418391914081,1.0,0.9945241972883948
conditional_support,endogenous,43,0.007586534077213125,1.0,0.994525557009883
conditional_support,endogenous,44,0.007578084712714678,1.0,0.9945316540713051
conditional_support,endogenous,45,0.007576354960305367,1.0,0.9945329022606436
conditional_support,endogenous,46,0.007572777927575778,1.0,0.9945354834474613
conditional_support,endogenous,47,0.0075739410898902765,1.0,0.9945346441095352
conditional_support,endogenous,48,0.007577704785027517,1.0,0.9945319282271241
conditional_support,endogenous,49,0.007575615582945265,1.0,0.9945334357953467
conditional_support,endogenous,50,0.007578706138581098,1.0,0.9945312056503999
conditional_support,endogenous,51,0.007587360568973385,1.0,0.9945249606134288
conditional_support,endogenous,52,0.007577481373985871,1.0,0.9945320894405318
conditional_support,endogenous,53,0.007571599932039563,1.0,0.9945363334890402
conditional_support,endogenous,54,0.007579835966052928,1.0,0.9945303903668962
conditional_support,endogenous,55,0.007581216412528847,1.0,0.9945293942367192
conditional_support,endogenous,56,0.00757599030643672,1.0,0.9945331653948752
conditional_support,endogenous,57,0.0075856369928363945,1.0,0.9945262043459693
conditional_support,endogenous,58,0.007587382908765565,1.0,0.9945249444930347
conditional_support,endogenous,59,0.00757894267912688,1.0,0.9945310349627421
conditional_support,endogenous,60,0.007572383692179569,1.0,0.9945357679277232
conditional_support,endogenous,61,0.007586505072957445,1.0,0.9945255779393539
conditional_support,endogenous,62,0.007576602342316229,1.0,0.9945327237497846
conditional_support,endogenous,63,0.007581711463261155,1.0,0.9945290370081108
conditional_support,endogenous,64,0.007583118845940685,1.0,0.9945280214407692
conditional_support,endogenous,65,0.007586189646801883,1.0,0.9945258055508678
conditional_support,endogenous,66,0.00758282537312605,1.0,0.9945282332107522
conditional_support,endogenous,67,0.007571893815640864,1.0,0.9945361214226336
conditional_support,endogenous,68,0.007575626036732477,1.0,0.9945334282518938
conditional_support,endogenous,69,0.007575588186563013,1.0,0.9945334555645762
conditional_support,endogenous,70,0.007587938824006011,1.0,0.9945245433445973
conditional_support,endogenous,71,0.007583830232138468,1.0,0.9945275081044889
conditional_support,endogenous,72,0.007584400028043384,1.0,0.9945270969397639
conditional_support,endogenous,73,0.007587531866417404,1.0,0.9945248370051932
conditional_support,endogenous,74,0.0075764738140798316,1.0,0.99453281649576
conditional_support,endogenous,75,0.007573854592392318,1.0,0.9945347065261297
conditional_support,endogenous,76,0.007573908747622603,1.0,0.9945346674477156
conditional_support,endogenous,77,0.007577443814745032,1.0,0.99453211654328
conditional_support,endogenous,78,0.00756900171655505,1.0,0.9945382083613339
conditional_support,endogenous,79,0.007573778486798362,1.0,0.9945347614439263
conditional_support,endogenous,80,0.007586041238510998,1.0,0.9945259126422905
conditional_support,endogenous,81,0.0075802963963069354,1.0,0.9945300581204249
conditional_support,endogenous,82,0.007584615316997326,1.0,0.9945269415872547
conditional_support,endogenous,83,0.007582937188108743,1.0,0.9945281525250608
conditional_support,endogenous,84,0.007584135063703173,1.0,0.9945272881380318
conditional_support,endogenous,85,0.007574734020191869,1.0,0.9945340719310295
conditional_support,endogenous,86,0.007572705371723087,1.0,0.9945355358037646
conditional_support,endogenous,87,0.007584386053804707,1.0,0.9945271070235745
conditional_support,endogenous,88,0.00758280427491347,1.0,0.9945282484352225
conditional_support,endogenous,89,0.007578716939455682,1.0,0.9945311978564888
conditional_support,endogenous,90,0.007585297714854968,1.0,0.9945264491689607
conditional_support,endogenous,91,0.007584513043100486,1.0,0.9945270153880987
conditional_support,endogenous,92,0.0075812547020515176,1.0,0.9945293666069996
conditional_support,endogenous,93,0.007580472308273896,1.0,0.9945299311823496
conditional_support,endogenous,94,0.007575514219794663,1.0,0.9945335089389962
conditional_support,endogenous,95,0.007578636942366532,1.0,0.9945312555823883
conditional_support,endogenous,96,0.007585082485396005,1.0,0.9945266044785382
conditional_support,endogenous,97,0.007588214845818468,1.0,0.9945243441672574
conditional_support,endogenous,98,0.0075846528210904065,1.0,0.9945269145243012
conditional_support,endogenous,99,0.007580151018778908,1.0,0.9945301630248491
conditional_support,endogenous,100,0.007588254342518648,1.0,0.9945243156664385
conditional_support,endogenous,101,0.007578833296019274,1.0,0.9945311138935925
conditional_support,endogenous,102,0.007584843881762782,1.0,0.99452677665492
conditional_support,endogenous,103,0.007584220927087324,1.0,0.9945272261790138
conditional_support,endogenous,104,0.007574498474294312,1.0,0.9945342419009492
conditional_support,endogenous,105,0.007581798706799602,1.0,0.9945289740531734
conditional_support,endogenous,106,0.0075707025526267095,1.0,0.9945369810380246
conditional_support,endogenous,107,0.00758471867671666,1.0,0.9945268670028813
conditional_support,endogenous,108,0.0075828064985218584,1.0,0.9945282468306667
conditional_support,endogenous,109,0.00757598538034007,1.0,0.9945331689495466
conditional_support,endogenous,110,0.0075826376363165695,1.0,0.994528368681634
conditional_support,endogenous,111,0.007580570045948818,1.0,0.9945298606548433
conditional_support,endogenous,112,0.007573800898460041,1.0,0.9945347452716712
conditional_support,endogenous,113,0.007575968477307092,1.0,0.9945331811467752
conditional_support,endogenous,114,0.007579752498487855,1.0,0.9945304505970911
conditional_support,endogenous,115,0.0075794811783793945,1.0,0.9945306463816814
conditional_support,endogenous,116,0.0075867652348997955,1.0,0.9945253902064963
conditional_support,endogenous,117,0.007574080462838915,1.0,0.9945345435380154
conditional_support,endogenous,118,0.007577035546101036,1.0,0.9945324111499335
conditional_support,endogenous,119,0.007579267416447108,1.0,0.9945308006322918
conditional_support,endogenous,120,0.007592191332803381,1.0,0.9945214747342491
conditional_support,fixed,0,0.3,0.62,0.51752
conditional_support,fixed,1,0.12564157310046906,0.62,0.5770808386288797
conditional_support,fixed,2,0.049505837688385214,0.62,0.6030888058456476
conditional_support,fixed,3,0.02218165030568206,0.62,0.612422748255579
conditional_support,fixed,4,0.01316181765155316,0.62,0.6155039230902294
conditional_support,fixed,5,0.010228369856411717,0.62,0.6165059888570498
conditional_support,fixed,6,0.00927492968761746,0.62,0.6168316840187099
conditional_support,fixed,7,0.008975542451859712,0.62,0.6169339546984447
conditional_support,fixed,8,0.008877123607261417,0.62,0.6169675745757595
conditional_support,fixed,9,0.008831941229673122,0.62,0.6169830088759437
conditional_support,fixed,10,0.00884178072274729,0.62,0.6169796477051095
conditional_support,fixed,11,0.008818718230944461,0.62,0.6169875258523093
conditional_support,fixed,12,0.008803431070123527,0.62,0.6169927479464458
conditional_support,fixed,13,0.008815677611245356,0.62,0.6169885645279986
conditional_support,fixed,14,0.008802358033529424,0.62,0.6169931144957463
conditional_support,fixed,15,0.008811476826121933,0.62,0.6169899995161967
conditional_support,fixed,16,0.008825598228630004,0.62,0.6169851756451
conditional_support,fixed,17,0.008813573096434367,0.62,0.616989283430258
conditional_support,fixed,18,0.008811210459829912,0.62,0.6169900905069221
conditional_support,fixed,19,0.008804083521325374,0.62,0.6169925250691153
conditional_support,fixed,20,0.008811733948408342,0.62,0.6169899116832237
conditional_support,fixed,21,0.008810022527611292,0.62,0.6169904963045679
conditional_support,fixed,22,0.008815266609890324,0.62,0.6169887049260615
conditional_support,fixed,23,0.008810787703393077,0.62,0.616990234920521
conditional_support,fixed,24,0.008816257844565748,0.62,0.6169883663202963
conditional_support,fixed,25,0.008805929530153488,0.62,0.6169918944724996
conditional_support,fixed,26,0.00880434855710273,0.62,0.6169924345328937
conditional_support,fixed,27,0.008808506068405091,0.62,0.6169910143270328
conditional_support,fixed,28,0.008831115432368199,0.62,0.6169832909683031
conditional_support,fixed,29,0.008826397142821716,0.62,0.6169849027360121
conditional_support,fixed,30,0.0088216513069981,0.62,0.6169865239135295
conditional_support,fixed,31,0.008821256599295736,0.62,0.6169866587456806
conditional_support,fixed,32,0.00880702659907621,0.62,0.6169915197137555
conditional_support,fixed,33,0.00881488485468835,0.62,0.6169888353336385
conditional_support,fixed,34,0.008820889184304284,0.62,0.6169867842546416
conditional_support,fixed,35,0.008815018175348771,0.62,0.6169887897913009
conditional_support,fixed,36,0.008812373531554098,0.62,0.6169896932016211
conditional_support,fixed,37,0.008806410270134795,0.62,0.6169917302517219
conditional_support,fixed,38,0.00883601432004661,0.62,0.6169816175082721
conditional_support,fixed,39,0.008824963134787393,0.62,0.6169853925931567
conditional_support,fixed,40,0.008815831128199276,0.62,0.6169885120866071
conditional_support,fixed,41,0.008831203623708615,0.62,0.6169832608421412
conditional_support,fixed,42,0.008823140028145136,0.62,0.6169860153663856
conditional_support,fixed,43,0.00881349457643691,0.62,0.6169893102526891
conditional_support,fixed,44,0.008827375733488895,0.62,0.6169845684494402
conditional_support,fixed,45,0.008829969110691305,0.62,0.6169836825517878
conditional_support,fixed,46,0.008832693779303786,0.62,0.6169827518049898
conditional_support,fixed,47,0.008825299424500697,0.62,0.6169852777165905
conditional_support,fixed,48,0.008833257193654409,0.62,0.6169825593426477
conditional_support,fixed,49,0.008825826806136989,0.62,0.6169850975630236
conditional_support,fixed,50,0.008817170483657034,0.62,0.6169880545627827
conditional_support,fixed,51,0.00881421671103874,0.62,0.6169890635715092
conditional_support,fixed,52,0.008835684086348652,0.62,0.6169817303161033
conditional_support,fixed,53,0.008829496842382248,0.62,0.6169838438786422
conditional_support,fixed,54,0.008828590848989688,0.62,0.6169841533659851
conditional_support,fixed,55,0.008832671355186865,0.62,0.6169827594650682
conditional_support,fixed,56,0.008818108320984811,0.62,0.6169877341975516
conditional_support,fixed,57,0.00881081046308994,0.62,0.6169902271458084
conditional_support,fixed,58,0.008820859496862603,0.62,0.6169867943958717
conditional_support,fixed,59,0.008804981026364902,0.62,0.6169922184813937
conditional_support,fixed,60,0.00881738199077506,0.62,0.6169879823119513
conditional_support,fixed,61,0.008823768327543231,0.62,0.6169858007393112
conditional_support,fixed,62,0.008817395457188907,0.62,0.6169879777118242
conditional_support,fixed,63,0.008835685996263248,0.62,0.6169817296636765
conditional_support,fixed,64,0.008834191767426206,0.62,0.6169822400922472
conditional_support,fixed,65,0.008825028134561234,0.62,0.6169853703892338
conditional_support,fixed,66,0.008818942659943138,0.62,0.6169874491873634
conditional_support,fixed,67,0.008808554332931439,0.62,0.6169909978398707
conditional_support,fixed,68,0.008833415962279255,0.62,0.6169825051072854
conditional_support,fixed,69,0.008825201922144924,0.62,0.6169853110233953
conditional_support,fixed,70,0.008828730961249828,0.62,0.616984105503637
conditional_support,fixed,71,0.00880990554885944,0.62,0.6169905362645096
conditional_support,fixed,72,0.008817122605951975,0.62,0.6169880709178068
conditional_support,fixed,73,0.0088211644697589,0.62,0.6169866902171304
conditional_support,fixed,74,0.008817061781286441,0.62,0.6169880916955125
conditional_support,fixed,75,0.008809432199350362,0.62,0.6169906979607019
conditional_support,fixed,76,0.00880998013149624,0.62,0.6169905107870809
conditional_support,fixed,77,0.008830186137539539,0.62,0.6169836084154164
conditional_support,fixed,78,0.008829087756675071,0.62,0.6169839836223198
conditional_support,fixed,79,0.008837706950042953,0.62,0.6169810393058653
conditional_support,fixed,80,0.00882257507561598,0.62,0.6169862083541696
conditional_support,fixed,81,0.008822807757039735,0.62,0.6169861288701952
conditional_support,fixed,82,0.008818880268758118,0.62,0.6169874705001922
conditional_support,fixed,83,0.008832246084242242,0.62,0.6169829047376229
conditional_support,fixed,84,0.008820057936961029,0.62,0.6169870682087342
conditional_support,fixed,85,0.008827808080139624,0.62,0.6169844207598243
conditional_support,fixed,86,0.008803285415613616,0.62,0.6169927977020264
conditional_support,fixed,87,0.008807933704366668,0.62,0.6169912098465883
conditional_support,fixed,88,0.008828264054253843,0.62,0.6169842649990669
conditional_support,fixed,89,0.008815949139928548,0.62,0.6169884717738005
conditional_support,fixed,90,0.008806052493445226,0.62,0.6169918524682391
conditional_support,fixed,91,0.008802915813866113,0.62,0.6169929239579833
conditional_support,fixed,92,0.008808539038610863,0.62,0.6169910030644106
conditional_support,fixed,93,0.008807345096733041,0.62,0.616991410914956
conditional_support,fixed,94,0.00882179492571853,0.62,0.6169864748533745
conditional_support,fixed,95,0.008818078648678819,0.62,0.6169877443336113
conditional_support,fixed,96,0.008802012718749915,0.62,0.616993232455275
conditional_support,fixed,97,0.008806227260830227,0.62,0.6169917927677004
conditional_support,fixed,98,0.008808658386194249,0.62,0.6169909622952761
conditional_support,fixed,99,0.008814958967420024,0.62,0.6169888100167293
conditional_support,fixed,100,0.008826080810735515,0.62,0.6169850107950527
conditional_support,fixed,101,0.008834892162124755,0.62,0.6169820008374182
conditional_support,fixed,102,0.008819280716858207,0.62,0.6169873337071212
conditional_support,fixed,103,0.008811583809958199,0.62,0.6169899629705182
conditional_support,fixed,104,0.008812057586454905,0.62,0.616989801128467
conditional_support,fixed,105,0.008802716522391885,0.62,0.6169929920359509
conditional_support,fixed,106,0.00881887340911488,0.62,0.6169874728434463
conditional_support,fixed,107,0.008821560890239385,0.62,0.6169865547998942
conditional_support,fixed,108,0.008814239317524656,0.62,0.6169890558491335
conditional_support,fixed,109,0.00881950342578722,0.62,0.616987257629751
conditional_support,fixed,110,0.008804676255239726,0.62,0.6169923225912101
conditional_support,fixed,111,0.008806374252821282,0.62,0.6169917425552363
conditional_support,fixed,112,0.008815843917480597,0.62,0.6169885077177886
conditional_support,fixed,113,0.008829468316331343,0.62,0.6169838536231412
conditional_support,fixed,114,0.008818612874774952,0.62,0.6169875618419769
conditional_support,fixed,115,0.008830068266066719,0.62,0.6169836486803116
conditional_support,fixed,116,0.008814222349636875,0.62,0.616989061645364
conditional_support,fixed,117,0.008812368849380173,0.62,0.6169896948010517
conditional_support,fixed,118,0.008835630065152556,0.62,0.6169817487697439
conditional_support,fixed,119,0.008810884771769712,0.62,0.6169902017619635
conditional_support,fixed,120,0.008823967125433986,0.62,0.6169857328299517
open_exposure,endogenous,0,0.3,0.62,0.4484
open_exposure,endogenous,1,0.10041795718303588,0.6308569048603786,0.5723279167547916
open_exposure,endogenous,2,0.03200839672693603,0.6473308757786619,0.6281479907190485
open_exposure,endogenous,3,0.013767076278591554,0.6656486712062173,0.6571457627891752
open_exposure,endogenous,4,0.009231556870790641,0.6841522563632997,0.6782797205425694
open_exposure,endogenous,5,0.008103519272277862,0.7023373875487603,0.697035076278419
open_exposure,endogenous,6,0.00780631821122573,0.7211382618613418,0.7158836564645261
open_exposure,endogenous,7,0.007709051611804422,0.7397156037191371,0.7343833146857643
open_exposure,endogenous,8,0.007650485993940083,0.7574898939577892,0.752062074785034
open_exposure,endogenous,9,0.007602401477303935,0.7754012609894663,0.7698713024175295
open_exposure,endogenous,10,0.007557776404599958,0.7930215540367527,0.7873909443251802
open_exposure,endogenous,11,0.0075213652083444445,0.8104000790923734,0.804665866871294
open_exposure,endogenous,12,0.007484486160229262,0.8275476136542649,0.8217132346560154
open_exposure,endogenous,13,0.007446578924797615,0.8447328007791245,0.8388000738290095
open_exposure,endogenous,14,0.007414883280112271,0.8611013086602162,0.8550725019338554
open_exposure,endogenous,15,0.0073877592605370804,0.8776370531132283,0.871508093672118
open_exposure,endogenous,16,0.0073561497392377944,0.8942786873709946,0.8880535734834266
open_exposure,endogenous,17,0.00732450857565821,0.9103394087204199,0.9040233606701303
open_exposure,endogenous,18,0.007293348748859541,0.9264145777233317,0.9200082416279398
open_exposure,endogenous,19,0.0072618899284464765,0.9416716326406589,0.9351821079088766
open_exposure,endogenous,20,0.007240038312105953,0.9573813684102966,0.9507976543166524
open_exposure,endogenous,21,0.007220231084308046,0.9727099670687418,0.9660336357912203
open_exposure,endogenous,22,0.00718745279381626,0.9867817900258012,0.9800345004867376
open_exposure,endogenous,23,0.00716968993320448,0.9963558007858321,0.9895564524955196
open_exposure,endogenous,24,0.007151662827391156,0.9996464969593027,0.9928406480013708
open_exposure,endogenous,25,0.007144648061724787,0.9999830068562531,0.9931814237468376
open_exposure,endogenous,26,0.00714047043765234,1.0,0.993202272143355
open_exposure,endogenous,27,0.007143541099090766,1.0,0.9931993488736656
open_exposure,endogenous,28,0.007146236359424466,1.0,0.9931967829858279
open_exposure,endogenous,29,0.00713927037079678,1.0,0.9932034146070015
open_exposure,endogenous,30,0.00713527927479634,1.0,0.9932072141303939
open_exposure,endogenous,31,0.007142686635768066,1.0,0.9932001623227488
open_exposure,endogenous,32,0.007148864262395777,1.0,0.9931942812221992
open_exposure,endogenous,33,0.007143180114627795,1.0,0.9931996925308744
open_exposure,endogenous,34,0.007137648664654935,1.0,0.9932049584712485
open_exposure,endogenous,35,0.00714170051171547,1.0,0.9932011011128469
open_exposure,endogenous,36,0.007136629425966332,1.0,0.9932059287864801
open_exposure,endogenous,37,0.007141944711804372,1.0,0.9932008686343622
open_exposure,endogenous,38,0.007138122185776316,1.0,0.9932045076791409
open_exposure,endogenous,39,0.007146810669010963,1.0,0.9931962362431016
open_exposure,endogenous,40,0.0071487832089887965,1.0,0.9931943583850427
open_exposure,endogenous,41,0.007143974035326718,1.0,0.993198936718369
open_exposure,endogenous,42,0.0071474325657383585,1.0,0.9931956441974171
open_exposure,endogenous,43,0.007145956107926175,1.0,0.9931970497852542
open_exposure,endogenous,44,0.007139881061150147,1.0,0.9932028332297851
open_exposure,endogenous,45,0.007138949171476275,1.0,0.9932037203887546
open_exposure,endogenous,46,0.0071364799042608505,1.0,0.9932060711311437
open_exposure,endogenous,47,0.007137461849212666,1.0,0.9932051363195495
open_exposure,endogenous,48,0.007140154602198056,1.0,0.9932025728187075
open_exposure,endogenous,49,0.007138510442637129,1.0,0.9932041380586094
open_exposure,endogenous,50,0.00714078596210233,1.0,0.9932019717640785
open_exposure,endogenous,51,0.007146953273454905,1.0,0.9931961004836709
open_exposure,endogenous,52,0.007139494910695322,1.0,0.993203200845018
open_exposure,endogenous,53,0.007135542993170996,1.0,0.9932069630705013
open_exposure,endogenous,54,0.007141749809840608,1.0,0.9932010541810318
open_exposure,endogenous,55,0.0071424831869970435,1.0,0.9932003560059788
open_exposure,endogenous,56,0.007138615045519027,1.0,0.9932040384766658
open_exposure,endogenous,57,0.007145755494742372,1.0,0.9931972407690053
open_exposure,endogenous,58,0.0071467118779105525,1.0,0.9931963302922292
open_exposure,endogenous,59,0.0071404789370120994,1.0,0.9932022640519644
open_exposure,endogenous,60,0.007136045731006422,1.0,0.9932064844640819
open_exposure,endogenous,61,0.007146529976103975,1.0,0.993196503462749
open_exposure,endogenous,62,0.007138919001541479,1.0,0.9932037491105326
open_exposure,endogenous,63,0.0071428837220378315,1.0,0.99319997469662
open_exposure,endogenous,64,0.00714375901432197,1.0,0.9931991414183655
open_exposure,endogenous,65,0.007145907492266339,1.0,0.9931970960673624
open_exposure,endogenous,66,0.007143356975199718,1.0,0.9931995241596099
open_exposure,endogenous,67,0.007135552339840911,1.0,0.9932069541724714
open_exposure,endogenous,68,0.0071386573070603785,1.0,0.9932039982436786
open_exposure,endogenous,69,0.007138548860004668,1.0,0.9932041014852756
open_exposure,endogenous,70,0.007147485116614099,1.0,0.9931955941689834
open_exposure,endogenous,71,0.0071440706152604205,1.0,0.9931988447742721
open_exposure,endogenous,72,0.007144569547166881,1.0,0.9931983697910971
open_exposure,endogenous,73,0.0071468207936797295,1.0,0.9931962266044169
open_exposure,endogenous,74,0.007138718609671063,1.0,0.9932039398835931
open_exposure,endogenous,75,0.007137186261835862,1.0,0.9932053986787323
open_exposure,endogenous,76,0.0071373929208760805,1.0,0.9932052019393259
open_exposure,endogenous,77,0.007139960510724132,1.0,0.9932027575937906
open_exposure,endogenous,78,0.007133739740014124,1.0,0.9932086797675066
open_exposure,endogenous,79,0.007137469319414905,1.0,0.993205129207917
open_exposure,endogenous,80,0.007146214451736041,1.0,0.9931968038419473
open_exposure,endogenous,81,0.007141600470696937,1.0,0.9932011963518965
open_exposure,endogenous,82,0.0071448473267904196,1.0,0.9931981053448955
open_exposure,endogenous,83,0.0071435013968374475,1.0,0.9931993866702108
open_exposure,endogenous,84,0.007144422162432126,1.0,0.9931985101013646
open_exposure,endogenous,85,0.007137586654026289,1.0,0.9932050175053669
open_exposure,endogenous,86,0.0071364450969389195,1.0,0.9932061042677142
open_exposure,endogenous,87,0.00714499856782994,1.0,0.9931979613634259
open_exposure,endogenous,88,0.007143472402124765,1.0,0.9931994142731773
open_exposure,endogenous,89,0.007140526060097815,1.0,0.9932022191907869
open_exposure,endogenous,90,0.0071454225898897284,1.0,0.993197557694425
open_exposure,endogenous,91,0.0071446450955199685,1.0,0.993198297869065
open_exposure,endogenous,92,0.007142276128736651,1.0,0.9932005531254428
open_exposure,endogenous,93,0.0071418297459527515,1.0,0.9932009780818529
open_exposure,endogenous,94,0.007138280261506585,1.0,0.9932043571910457
open_exposure,endogenous,95,0.007140711662312203,1.0,0.9932020424974788
open_exposure,endogenous,96,0.007145313412063126,1.0,0.9931976616317159
open_exposure,endogenous,97,0.007147333839280415,1.0,0.9931957381850051
open_exposure,endogenous,98,0.00714460178201617,1.0,0.9931983391035206
open_exposure,endogenous,99,0.007141456158967718,1.0,0.9932013337366628
open_exposure,endogenous,100,0.007147484150788635,1.0,0.9931955950884492
open_exposure,endogenous,101,0.007140422041001054,1.0,0.993202318216967
open_exposure,endogenous,102,0.007145071457664505,1.0,0.9931978919723033
open_exposure,endogenous,103,0.0071444401299527215,1.0,0.993198492996285
open_exposure,endogenous,104,0.007137410589248652,1.0,0.9932051851190353
open_exposure,endogenous,105,0.007143041328125571,1.0,0.9931998246556245
open_exposure,endogenous,106,0.00713479430911495,1.0,0.9932076758177225
open_exposure,endogenous,107,0.00714529386265674,1.0,0.9931976802427508
open_exposure,endogenous,108,0.007143478272541795,1.0,0.9931994086845403
open_exposure,endogenous,109,0.0071385368271770075,1.0,0.9932041129405275
open_exposure,endogenous,110,0.007143581745185286,1.0,0.9931993101785836
open_exposure,endogenous,111,0.007141899518044299,1.0,0.9932009116588219
open_exposure,endogenous,112,0.007137034775559538,1.0,0.9932055428936674
open_exposure,endogenous,113,0.007138851558763044,1.0,0.9932038133160576
open_exposure,endogenous,114,0.0071415568476558755,1.0,0.9932012378810317
open_exposure,endogenous,115,0.007141219304525601,1.0,0.9932015592220916
open_exposure,endogenous,116,0.007146460993699618,1.0,0.993196569133998
open_exposure,endogenous,117,0.007137037071324126,1.0,0.9932055407080994
open_exposure,endogenous,118,0.007139572622767139,1.0,0.9932031268631257
open_exposure,endogenous,119,0.007141169174752688,1.0,0.9932016069456354
open_exposure,endogenous,120,0.007150408224962637,1.0,0.9931928113698356
open_exposure,fixed,0,0.3,0.62,0.4484
open_exposure,fixed,1,0.10041795718303588,0.62,0.5625609284913035
open_exposure,fixed,2,0.0323874293898968,0.62,0.601474390388979
open_exposure,fixed,3,0.014041204206628785,0.62,0.6119684311938083
open_exposure,fixed,4,0.009460573095080946,0.62,0.6145885521896137
open_exposure,fixed,5,0.008326557812363258,0.62,0.6152372089313283
open_exposure,fixed,6,0.008043224858481877,0.62,0.6153992753809484
open_exposure,fixed,7,0.007978324626527738,0.62,0.6154363983136262
open_exposure,fixed,8,0.007961090883518703,0.62,0.6154462560146273
open_exposure,fixed,9,0.007947532077156509,0.62,0.6154540116518665
open_exposure,fixed,10,0.007961001378203415,0.62,0.6154463072116676
open_exposure,fixed,11,0.0079462033420334,0.62,0.6154547716883569
open_exposure,fixed,12,0.007937112883114487,0.62,0.6154599714308585
open_exposure,fixed,13,0.007946729326307253,0.62,0.6154544708253522
open_exposure,fixed,14,0.007937177905520414,0.62,0.6154599342380423
open_exposure,fixed,15,0.007944133299203793,0.62,0.6154559557528554
open_exposure,fixed,16,0.007953571671752153,0.62,0.6154505570037577
open_exposure,fixed,17,0.007944465827780406,0.62,0.6154557655465096
open_exposure,fixed,18,0.007943271155558691,0.62,0.6154564488990204
open_exposure,fixed,19,0.007938512294859194,0.62,0.6154591709673405
open_exposure,fixed,20,0.007944197107194108,0.62,0.615455919254685
open_exposure,fixed,21,0.007942756165108481,0.62,0.6154567434735579
open_exposure,fixed,22,0.007946396202881968,0.62,0.6154546613719515
open_exposure,fixed,23,0.007942974782529397,0.62,0.6154566184243931
open_exposure,fixed,24,0.007947000198434846,0.62,0.6154543158864952
open_exposure,fixed,25,0.007939591841016202,0.62,0.6154585534669387
open_exposure,fixed,26,0.007938971530628829,0.62,0.6154589082844804
open_exposure,fixed,27,0.007942049535448725,0.62,0.6154571476657233
open_exposure,fixed,28,0.007957532673648841,0.62,0.6154482913106729
open_exposure,fixed,29,0.007953052892010948,0.62,0.6154508537457697
open_exposure,fixed,30,0.007949711491464501,0.62,0.6154527650268823
open_exposure,fixed,31,0.007949660757733484,0.62,0.6154527940465765
open_exposure,fixed,32,0.007939840987712573,0.62,0.6154584109550284
open_exposure,fixed,33,0.007946081027853824,0.62,0.6154548416520677
open_exposure,fixed,34,0.007950110101673694,0.62,0.6154525370218427
open_exposure,fixed,35,0.007945630135001108,0.62,0.6154550995627793
open_exposure,fixed,36,0.007943990339796375,0.62,0.6154560375256365
open_exposure,fixed,37,0.007940027882844133,0.62,0.6154583040510132
open_exposure,fixed,38,0.007960866770350265,0.62,0.6154463842073596
open_exposure,fixed,39,0.007951770360560237,0.62,0.6154515873537595
open_exposure,fixed,40,0.00794568683762215,0.62,0.6154550671288801
open_exposure,fixed,41,0.007956855960578968,0.62,0.6154486783905488
open_exposure,fixed,42,0.007950574343128725,0.62,0.6154522714757303
open_exposure,fixed,43,0.007944189443644094,0.62,0.6154559236382355
open_exposure,fixed,44,0.007954405613296585,0.62,0.6154500799891943
open_exposure,fixed,45,0.007955533607750788,0.62,0.6154494347763666
open_exposure,fixed,46,0.007957177184586103,0.62,0.6154484946504167
open_exposure,fixed,47,0.007951860740044961,0.62,0.6154515356566943
open_exposure,fixed,48,0.007957669050796153,0.62,0.6154482133029446
open_exposure,fixed,49,0.007952234131367909,0.62,0.6154513220768576
open_exposure,fixed,50,0.007946514564218608,0.62,0.6154545936692669
open_exposure,fixed,51,0.007944999526820965,0.62,0.6154554602706584
open_exposure,fixed,52,0.007960124417445032,0.62,0.6154468088332214
open_exposure,fixed,53,0.00795481069735513,0.62,0.6154498482811128
open_exposure,fixed,54,0.007954282570477023,0.62,0.6154501503696871
open_exposure,fixed,55,0.007957116742041795,0.62,0.6154485292235521
open_exposure,fixed,56,0.007946848806816885,0.62,0.6154544024825007
open_exposure,fixed,57,0.007942558925515878,0.62,0.6154568562946049
open_exposure,fixed,58,0.007950009670936896,0.62,0.6154525944682241
open_exposure,fixed,59,0.007938625991525583,0.62,0.6154591059328474
open_exposure,fixed,60,0.007947974796118069,0.62,0.6154537584166204
open_exposure,fixed,61,0.007951900716214204,0.62,0.6154515127903255
open_exposure,fixed,62,0.007947064088855158,0.62,0.6154542793411748
open_exposure,fixed,63,0.007959964240552193,0.62,0.6154469004544042
open_exposure,fixed,64,0.007958018424262383,0.62,0.6154480134613219
open_exposure,fixed,65,0.007951484195388162,0.62,0.615451751040238
open_exposure,fixed,66,0.007947752985857356,0.62,0.6154538852920896
open_exposure,fixed,67,0.00794099059310025,0.62,0.6154577533807466
open_exposure,fixed,68,0.007958809263325574,0.62,0.6154475611013778
open_exposure,fixed,69,0.007952045700629145,0.62,0.6154514298592402
open_exposure,fixed,70,0.007954595808315422,0.62,0.6154499711976436
open_exposure,fixed,71,0.007941437720136986,0.62,0.6154574976240816
open_exposure,fixed,72,0.007947373858230303,0.62,0.6154541021530923
open_exposure,fixed,73,0.007950050843710237,0.62,0.6154525709173977
open_exposure,fixed,74,0.007946970508117874,0.62,0.6154543328693566
open_exposure,fixed,75,0.007941859219130671,0.62,0.6154572565266573
open_exposure,fixed,76,0.007942651414626816,0.62,0.6154568033908334
open_exposure,fixed,77,0.007956716080780338,0.62,0.6154487584017937
open_exposure,fixed,78,0.007954915524469296,0.62,0.6154497883200035
open_exposure,fixed,79,0.007960712542076837,0.62,0.6154464724259321
open_exposure,fixed,80,0.00794972352537088,0.62,0.6154527581434879
open_exposure,fixed,81,0.007950567708073118,0.62,0.6154522752709822
open_exposure,fixed,82,0.007947985981387016,0.62,0.6154537520186466
open_exposure,fixed,83,0.007957457450429582,0.62,0.6154483343383542
open_exposure,fixed,84,0.007948413292575585,0.62,0.6154535075966467
open_exposure,fixed,85,0.007954237397988428,0.62,0.6154501762083506
open_exposure,fixed,86,0.007936960552635234,0.62,0.6154600585638926
open_exposure,fixed,87,0.007941372841180329,0.62,0.6154575347348449
open_exposure,fixed,88,0.007955523657819196,0.62,0.6154494404677274
open_exposure,fixed,89,0.007945985175655897,0.62,0.6154548964795248
open_exposure,fixed,90,0.007939543660987742,0.62,0.615458581025915
open_exposure,fixed,91,0.007938006978497482,0.62,0.6154594600082994
open_exposure,fixed,92,0.007942147626571859,0.62,0.6154570915576009
open_exposure,fixed,93,0.007941113828842623,0.62,0.615457682889902
open_exposure,fixed,94,0.00795113212833114,0.62,0.6154519524225947
open_exposure,fixed,95,0.00794775296098086,0.62,0.615453885306319
open_exposure,fixed,96,0.00793669631682455,0.62,0.6154602097067764
open_exposure,fixed,97,0.007940463745459172,0.62,0.6154580547375974
open_exposure,fixed,98,0.007942051624959234,0.62,0.6154571464705233
open_exposure,fixed,99,0.007946273383245795,0.62,0.6154547316247834
open_exposure,fixed,100,0.00795368125489558,0.62,0.6154504943221998
open_exposure,fixed,101,0.007959071796521324,0.62,0.6154474109323899
open_exposure,fixed,102,0.00794763582494505,0.62,0.6154539523081314
open_exposure,fixed,103,0.007943016676857604,0.62,0.6154565944608374
open_exposure,fixed,104,0.007943911032073512,0.62,0.6154560828896539
open_exposure,fixed,105,0.007937541592845616,0.62,0.6154597262088923
open_exposure,fixed,106,0.007949223084858147,0.62,0.6154530443954611
open_exposure,fixed,107,0.007950399329263847,0.62,0.6154523715836611
open_exposure,fixed,108,0.007944993195388527,0.62,0.6154554638922377
open_exposure,fixed,109,0.007948924305370999,0.62,0.6154532152973278
open_exposure,fixed,110,0.007938450793383659,0.62,0.6154592061461845
open_exposure,fixed,111,0.007940398258455283,0.62,0.6154580921961635
open_exposure,fixed,112,0.00794705980217438,0.62,0.6154542817931563
open_exposure,fixed,113,0.007955946285860624,0.62,0.6154491987244877
open_exposure,fixed,114,0.007947647991544944,0.62,0.6154539453488362
open_exposure,fixed,115,0.007955879769748748,0.62,0.6154492367717037
open_exposure,fixed,116,0.00794443970455265,0.62,0.6154557804889959
open_exposure,fixed,117,0.007943875409920809,0.62,0.6154561032655252
open_exposure,fixed,118,0.007960211874257309,0.62,0.6154467588079248
open_exposure,fixed,119,0.007942002365472182,0.62,0.6154571746469499
open_exposure,fixed,120,0.007952042990772039,0.62,0.6154514314092784
sequenced_transition,endogenous,0,0.3,0.62,0.55208
sequenced_transition,endogenous,1,0.29074562541897603,0.6124919528603786,0.5488508130371842
sequenced_transition,endogenous,2,0.2823446023816894,0.6052268183752102,0.5454827923575244
sequenced_transition,endogenous,3,0.2774005111381012,0.5983992042627535,0.5416028573928795
sequenced_transition,endogenous,4,0.27438690754485157,0.591751475797307,0.5374041839220843
sequenced_transition,endogenous,5,0.27182274199916934,0.5851238713985145,0.5331052079081382
sequenced_transition,endogenous,6,0.2705903050470679,0.5795333529300006,0.5292770337856018
sequenced_transition,endogenous,7,0.2713017656415388,0.5741044982017245,0.5252211003418632
sequenced_transition,endogenous,8,0.27295126321274854,0.5681942404807468,0.5206504291041082
sequenced_transition,endogenous,9,0.2755253523764366,0.5627147136919622,0.5162476091805865
sequenced_transition,endogenous,10,0.27888785953138434,0.557200591662292,0.5117282445461094
sequenced_transition,endogenous,11,0.2838487100522505,0.5516748208334811,0.5069843011299708
sequenced_transition,endogenous,12,0.2901463705743261,0.5460964381549189,0.5020821303703332
sequenced_transition,endogenous,13,0.2972529738416428,0.5406936049557179,0.4972595816809177
sequenced_transition,endogenous,14,0.30614706997126107,0.5345858540101164,0.4917877479515497
sequenced_transition,endogenous,15,0.3171212011833824,0.5287124390260574,0.486305723176872
sequenced_transition,endogenous,16,0.32935806793692113,0.5229485840696518,0.48088842848502816
sequenced_transition,endogenous,17,0.34297382770054213,0.5165732737442287,0.4750507758985776
sequenced_transition,endogenous,18,0.35787446198910194,0.5101545007186604,0.46922242153496185
sequenced_transition,endogenous,19,0.37404815504398586,0.5028296569586933,0.4629055177877034
sequenced_transition,endogenous,20,0.39299538253838917,0.4958544582098269,0.4567633262955914
sequenced_transition,endogenous,21,0.41484253993560916,0.4883644502242929,0.45035863435981494
sequenced_transition,endogenous,22,0.4369708448147713,0.48022204691321024,0.44386500085334807
sequenced_transition,endogenous,23,0.4624670450588947,0.4716639218909387,0.4372985847411342
sequenced_transition,endogenous,24,0.4894460463185903,0.4626069165217668,0.43086033054486395
sequenced_transition,endogenous,25,0.5183891292205262,0.4534444187991629,0.424784513121628
sequenced_transition,endogenous,26,0.5483441294852436,0.4432562614961276,0.4187452408773549
sequenced_transition,endogenous,27,0.5806816356476829,0.43285448339394533,0.41307774284548165
sequenced_transition,endogenous,28,0.6145637574508851,0.42222401248827346,0.40795827208106156
sequenced_transition,endogenous,29,0.6477788157833952,0.41085158960512075,0.40322853042336154
sequenced_transition,endogenous,30,0.6806286278022429,0.39905592503203835,0.3990728507685367
sequenced_transition,endogenous,31,0.7147514145913777,0.3869936001653734,0.39556142443571446
sequenced_transition,endogenous,32,0.7485631561721426,0.3742490089870776,0.3925651485673229
sequenced_transition,endogenous,33,0.779736795298151,0.3614448299029041,0.39032897706075964
sequenced_transition,endogenous,34,0.8087514191374136,0.34795692667106404,0.38855434515956166
sequenced_transition,endogenous,35,0.836163003787822,0.33460739549185703,0.3873759839192115
sequenced_transition,endogenous,36,0.8606137647577773,0.3213401767571868,0.3866800901000729
sequenced_transition,endogenous,37,0.8824984973032346,0.3081781295520012,0.3863996006025354
sequenced_transition,endogenous,38,0.9015232300844691,0.2952077268327695,0.3863560007413499
sequenced_transition,endogenous,39,0.9183711114233745,0.28211742934644324,0.386546058681236
sequenced_transition,endogenous,40,0.9323801328315712,0.2694932838321097,0.2526269299188175
sequenced_transition,endogenous,41,0.8748522396805708,0.2618322384000295,0.25409040980597597
sequenced_transition,endogenous,42,0.7893457177138736,0.25640782164583575,0.25571354370739213
sequenced_transition,endogenous,43,0.675798697041011,0.25438220287850116,0.25764341096837173
sequenced_transition,endogenous,44,0.5426438426226298,0.25543563051121204,0.26007863892869426
sequenced_transition,endogenous,45,0.40678467190208006,0.2614391355321373,0.26486347746494504
sequenced_transition,endogenous,46,0.28532072043718965,0.2716292295680167,0.2729051727596735
sequenced_transition,endogenous,47,0.1884434430080116,0.28532196772003765,0.2846509670429012
sequenced_transition,endogenous,48,0.11913107142308331,0.3024969668910909,0.30052012953330415
sequenced_transition,endogenous,49,0.0737344564363506,0.32147133349089096,0.3190410336845385
sequenced_transition,endogenous,50,0.04600343378728541,0.34132145721391355,0.3388578066345407
sequenced_transition,endogenous,51,0.029907158389293708,0.36214667575073295,0.3597995285990494
sequenced_transition,endogenous,52,0.02087999586167533,0.38324130167713205,0.38102416158564983
sequenced_transition,endogenous,53,0.01595755797549785,0.4041639930302442,0.40201399718780495
sequenced_transition,endogenous,54,0.013405740605105028,0.42524114898098747,0.4230687024143155
sequenced_transition,endogenous,55,0.012011380932812891,0.44636336002027893,0.4441080169154207
sequenced_transition,endogenous,56,0.011210671403793953,0.4669051498851045,0.46453849314692097
sequenced_transition,endogenous,57,0.010769645150848488,0.4873387596024818,0.48482902323755384
sequenced_transition,endogenous,58,0.010468988740133873,0.5076600398954207,0.5049988446090257
sequenced_transition,endogenous,59,0.010213768021105338,0.5270920548438761,0.524289872201145
sequenced_transition,endogenous,60,0.01000629217744115,0.5465563707013417,0.5436125132369668
sequenced_transition,endogenous,61,0.009875302861339438,0.5664423625367643,0.5633379335583534
sequenced_transition,endogenous,62,0.009710095051457738,0.5855671723373903,0.5823278819434794
sequenced_transition,endogenous,63,0.009585652615216595,0.6049521771249019,0.6015673221580644
sequenced_transition,endogenous,64,0.009463410878502658,0.6236379426292104,0.6201181457732375
sequenced_transition,endogenous,65,0.00935391670610478,0.6421146049492139,0.6384619913488326
sequenced_transition,endogenous,66,0.009238531262426788,0.6606242668637734,0.6568449470157427
sequenced_transition,endogenous,67,0.009112795127345412,0.6785028842270122,0.6746115509529137
sequenced_transition,endogenous,68,0.009021941578795298,0.6963823406025558,0.6923686439230916
sequenced_transition,endogenous,69,0.008928678233972085,0.7142830791439614,0.7101493360811134
sequenced_transition,endogenous,70,0.00886351168070014,0.7317990642041792,0.7275401617532508
sequenced_transition,endogenous,71,0.008774753613415592,0.7489900679111887,0.7446220810865715
sequenced_transition,endogenous,72,0.00869553976151495,0.7660286125375053,0.7615507825741081
sequenced_transition,endogenous,73,0.008624674470714681,0.7828751653445669,0.7782875841410614
sequenced_transition,endogenous,74,0.008535633276434989,0.7993540350094118,0.7946727592872909
sequenced_transition,endogenous,75,0.008463878899412374,0.8156149422098703,0.8108355673389398
sequenced_transition,endogenous,76,0.008398146236680934,0.8318446672838733,0.8269648996249422
sequenced_transition,endogenous,77,0.008341101722391239,0.8478227276179524,0.8428419488019795
sequenced_transition,endogenous,78,0.008270505902734733,0.8636100415066963,0.8585404863360634
sequenced_transition,endogenous,79,0.008220822603229979,0.8794224264737427,0.8742530077487045
sequenced_transition,endogenous,80,0.008184500954901199,0.8944820479885589,0.8877193388878065
sequenced_transition,endogenous,81,0.007508744409274137,0.9102189180000313,0.9038938195192354
sequenced_transition,endogenous,82,0.0073635752463532475,0.9257357713655174,0.9194178552501936
sequenced_transition,endogenous,83,0.007311659601693813,0.9405255973971814,0.9341436559824717
sequenced_transition,endogenous,84,0.007281592046655465,0.9535282252409938,0.9470770817759763
sequenced_transition,endogenous,85,0.007249887469660474,0.9656492881328193,0.9591377779386523
sequenced_transition,endogenous,86,0.007227109233740426,0.9760229290103583,0.9694563449946767
sequenced_transition,endogenous,87,0.007218017352306571,0.9847039605278378,0.9780824475347927
sequenced_transition,endogenous,88,0.007201068512736469,0.9910942243587961,0.9844417149791895
sequenced_transition,endogenous,89,0.007186758710886671,0.9953907413250992,0.9887203161323391
sequenced_transition,endogenous,90,0.007184064413768629,0.9981570368871489,0.9914690631777374
sequenced_transition,endogenous,91,0.007178239385070746,0.9994355389687674,0.9927437545540222
sequenced_transition,endogenous,92,0.00717333963452892,0.9998055131216617,0.9931156489183398
sequenced_transition,endogenous,93,0.007171943955724653,0.9998787788672195,0.9931896712535387
sequenced_transition,endogenous,94,0.007168022503349027,0.9999392952092111,0.9932533955469515
sequenced_transition,endogenous,95,0.007170389025261625,1.0,0.993311461117236
sequenced_transition,endogenous,96,0.007175019834826404,1.0,0.993307141498074
sequenced_transition,endogenous,97,0.007177095448550969,1.0,0.9933052053655916
sequenced_transition,endogenous,98,0.007174300924357865,1.0,0.993307812097759
sequenced_transition,endogenous,99,0.0071710648450836025,1.0,0.993310830712506
sequenced_transition,endogenous,100,0.007177236709291051,1.0,0.9933050735975734
sequenced_transition,endogenous,101,0.007170010740813892,1.0,0.9933118139809688
sequenced_transition,endogenous,102,0.0071747574853877494,1.0,0.9933073862176303
sequenced_transition,endogenous,103,0.007174123948321919,1.0,0.9933079771810053
sequenced_transition,endogenous,104,0.007166912087431622,1.0,0.9933147044048438
sequenced_transition,endogenous,105,0.007172662661853575,1.0,0.993309340269023
sequenced_transition,endogenous,106,0.007164219799309542,1.0,0.993317215771204
sequenced_transition,endogenous,107,0.007174963725158053,1.0,0.9933071938371726
sequenced_transition,endogenous,108,0.007173133967434338,1.0,0.9933089006351773
sequenced_transition,endogenous,109,0.007168064133886373,1.0,0.9933136297759108
sequenced_transition,endogenous,110,0.00717322213031139,1.0,0.9933088183968456
sequenced_transition,endogenous,111,0.007171510792719775,1.0,0.993310414732551
sequenced_transition,endogenous,112,0.007166517518097439,1.0,0.9933150724591188
sequenced_transition,endogenous,113,0.0071683630997739865,1.0,0.9933133509005309
sequenced_transition,endogenous,114,0.007171141411250733,1.0,0.9933107592915853
sequenced_transition,endogenous,115,0.007170805501458113,1.0,0.9933110726282399
sequenced_transition,endogenous,116,0.007176184266097117,1.0,0.9933060553165846
sequenced_transition,endogenous,117,0.007166534790899237,1.0,0.9933150563470492
sequenced_transition,endogenous,118,0.007169105863401161,1.0,0.9933126580506194
sequenced_transition,endogenous,119,0.007170746186016953,1.0,0.9933111279576834
sequenced_transition,endogenous,120,0.007180232105067662,1.0,0.9933022794923929
sequenced_transition,fixed,0,0.3,0.62,0.55208
sequenced_transition,fixed,1,0.29074562541897603,0.62,0.5541751904051438
sequenced_transition,fixed,2,0.2811933007804059,0.62,0.556337836703316
sequenced_transition,fixed,3,0.2714892396085939,0.62,0.5585348361526143
sequenced_transition,fixed,4,0.2634524064047533,0.62,0.5603543751899638
sequenced_transition,fixed,5,0.25596332811230704,0.62,0.5620499025153737
sequenced_transition,fixed,6,0.2484972183664183,0.62,0.5637402297618429
sequenced_transition,fixed,7,0.2418635506783353,0.62,0.5652420921264248
sequenced_transition,fixed,8,0.23533029351890242,0.62,0.5667212215473205
sequenced_transition,fixed,9,0.22824867559715822,0.62,0.5683244998448034
sequenced_transition,fixed,10,0.2229512591381966,0.62,0.5695238349311122
sequenced_transition,fixed,11,0.21627025618809734,0.62,0.5710364139990147
sequenced_transition,fixed,12,0.20945557129982614,0.62,0.5725792586577193
sequenced_transition,fixed,13,0.2039792656141461,0.62,0.5738190942649574
sequenced_transition,fixed,14,0.19779648922373508,0.62,0.5752188748397463
sequenced_transition,fixed,15,0.1926034491602462,0.62,0.5763945791101203
sequenced_transition,fixed,16,0.18827042223110896,0.62,0.5773755764068769
sequenced_transition,fixed,17,0.1832245855217053,0.62,0.578517953837886
sequenced_transition,fixed,18,0.17850865061864746,0.62,0.5795856414999382
sequenced_transition,fixed,19,0.17368401091779465,0.62,0.5806779399282113
sequenced_transition,fixed,20,0.1696471856110403,0.62,0.5815918771776605
sequenced_transition,fixed,21,0.16552698853187714,0.62,0.582524689796383
sequenced_transition,fixed,22,0.1619286917731606,0.62,0.5833393441825564
sequenced_transition,fixed,23,0.15833020939794926,0.62,0.5841540405923042
sequenced_transition,fixed,24,0.15514060512519448,0.62,0.5848761669996559
sequenced_transition,fixed,25,0.1516187895588051,0.62,0.5856735060438865
sequenced_transition,fixed,26,0.14834882054383766,0.62,0.5864138270288751
sequenced_transition,fixed,27,0.14549136583356428,0.62,0.5870607547752811
sequenced_transition,fixed,28,0.1436135348821385,0.62,0.5874858957026838
sequenced_transition,fixed,29,0.14134912903256344,0.62,0.5879985571870276
sequenced_transition,fixed,30,0.13903107445134516,0.62,0.5885233647442154
sequenced_transition,fixed,31,0.1368921796615384,0.62,0.5890076105246277
sequenced_transition,fixed,32,0.1343508880394686,0.62,0.5895829589478643
sequenced_transition,fixed,33,0.13239520233931787,0.62,0.5900257261903784
sequenced_transition,fixed,34,0.13060840879268298,0.62,0.5904302562493365
sequenced_transition,fixed,35,0.12869809570922386,0.62,0.5908627511314317
sequenced_transition,fixed,36,0.12685057878872308,0.62,0.5912810289622331
sequenced_transition,fixed,37,0.12492979979653873,0.62,0.5917158933260637
sequenced_transition,fixed,38,0.12423169763946264,0.62,0.5918739436544257
sequenced_transition,fixed,39,0.12283560332122383,0.62,0.5921900194080749
sequenced_transition,fixed,40,0.12129497907957079,0.62,0.575072339748927
sequenced_transition,fixed,41,0.052467944262873496,0.62,0.6005658734450317
sequenced_transition,fixed,42,0.025086410216521055,0.62,0.6107079936558006
sequenced_transition,fixed,43,0.014926352014687833,0.62,0.6144712792137597
sequenced_transition,fixed,44,0.011306313580580065,0.62,0.6158121414497532
sequenced_transition,fixed,45,0.010009360278201266,0.62,0.6162925329529543
sequenced_transition,fixed,46,0.009548530831696536,0.62,0.6164632241799396
sequenced_transition,fixed,47,0.009374197122348663,0.62,0.616527797385882
sequenced_transition,fixed,48,0.009324388594699121,0.62,0.6165462464645235
sequenced_transition,fixed,49,0.00929493335559633,0.62,0.6165571566850871
sequenced_transition,fixed,50,0.00927721099837593,0.62,0.6165637210462016
sequenced_transition,fixed,51,0.009270710188363824,0.62,0.6165661289462301
sequenced_transition,fixed,52,0.00929443828114409,0.62,0.6165573400606642
sequenced_transition,fixed,53,0.009287652536360318,0.62,0.6165598535005321
sequenced_transition,fixed,54,0.009286477951875238,0.62,0.6165602885666254
sequenced_transition,fixed,55,0.009291183152972064,0.62,0.6165585457601391
sequenced_transition,fixed,56,0.00927440890810125,0.62,0.6165647589404393
sequenced_transition,fixed,57,0.009265376161663548,0.62,0.6165681046697198
sequenced_transition,fixed,58,0.009276607389805982,0.62,0.6165639446228158
sequenced_transition,fixed,59,0.009258415190631695,0.62,0.61657068301339
sequenced_transition,fixed,60,0.009272241768215523,0.62,0.616565561649053
sequenced_transition,fixed,61,0.009279967465750046,0.62,0.6165627000506861
sequenced_transition,fixed,62,0.009272907762322879,0.62,0.6165653149648356
sequenced_transition,fixed,63,0.009294003067791755,0.62,0.6165575012636899
sequenced_transition,fixed,64,0.009292948262781296,0.62,0.6165578919634658
sequenced_transition,fixed,65,0.009282533205098123,0.62,0.6165617497008317
sequenced_transition,fixed,66,0.00927514438062863,0.62,0.6165644865214152
sequenced_transition,fixed,67,0.009262738920248634,0.62,0.6165690815039399
sequenced_transition,fixed,68,0.009291100340855264,0.62,0.6165585764337472
sequenced_transition,fixed,69,0.009282308516137637,0.62,0.6165618329256226
sequenced_transition,fixed,70,0.009286390168296708,0.62,0.6165603210816629
sequenced_transition,fixed,71,0.009264641224973337,0.62,0.6165683768902699
sequenced_transition,fixed,72,0.009272328433519985,0.62,0.6165655295482242
sequenced_transition,fixed,73,0.009277040163019239,0.62,0.6165637843236177
sequenced_transition,fixed,74,0.009272441378692386,0.62,0.6165654877133323
sequenced_transition,fixed,75,0.00926347403451151,0.62,0.6165688092176169
sequenced_transition,fixed,76,0.009263787198099461,0.62,0.616568693221824
sequenced_transition,fixed,77,0.009287148680439138,0.62,0.6165600401287653
sequenced_transition,fixed,78,0.009286637064785287,0.62,0.6165602296312035
sequenced_transition,fixed,79,0.00929683990307801,0.62,0.6165564504998999
sequenced_transition,fixed,80,0.009279705317835745,0.62,0.6148701789003004
sequenced_transition,fixed,81,0.008328478452024342,0.62,0.615396017111721
sequenced_transition,fixed,82,0.008085349175065657,0.62,0.6155304189760237
sequenced_transition,fixed,83,0.008034611324066618,0.62,0.615558466860056
sequenced_transition,fixed,84,0.008010010977593776,0.62,0.6155720659315862
sequenced_transition,fixed,85,0.008012111014241381,0.62,0.6155709050313274
sequenced_transition,fixed,86,0.00799338198967496,0.62,0.6155812584361077
sequenced_transition,fixed,87,0.007997588118991313,0.62,0.6155789332878215
sequenced_transition,fixed,88,0.00801208577227354,0.62,0.6155709189850872
sequenced_transition,fixed,89,0.00800233311318338,0.62,0.6155763102550322
sequenced_transition,fixed,90,0.00799566758006476,0.62,0.6155799949617402
sequenced_transition,fixed,91,0.007994039797590316,0.62,0.6155808947998921
sequenced_transition,fixed,92,0.007998284715832318,0.62,0.6155785482090879
sequenced_transition,fixed,93,0.007997238272631985,0.62,0.615579126682889
sequenced_transition,fixed,94,0.008007543882338666,0.62,0.6155734297418431
sequenced_transition,fixed,95,0.008004126296121314,0.62,0.6155753189835041
sequenced_transition,fixed,96,0.007992742024604245,0.62,0.6155816122087988
sequenced_transition,fixed,97,0.007996554943547738,0.62,0.6155795044272068
sequenced_transition,fixed,98,0.007998199579773239,0.62,0.6155785952723014
sequenced_transition,fixed,99,0.008002553928337137,0.62,0.6155761881884152
sequenced_transition,fixed,100,0.008010196431730496,0.62,0.6155719634125394
sequenced_transition,fixed,101,0.008015792823924032,0.62,0.6155688697269348
sequenced_transition,fixed,102,0.00800406895985061,0.62,0.6155753506789946
sequenced_transition,fixed,103,0.007999260516753561,0.62,0.6155780087863386
sequenced_transition,fixed,104,0.008000141596657304,0.62,0.6155775217253678
sequenced_transition,fixed,105,0.007993585020237937,0.62,0.6155811462008125
sequenced_transition,fixed,106,0.008005568300295569,0.62,0.6155745218435966
sequenced_transition,fixed,107,0.00800683142835406,0.62,0.6155738235864059
sequenced_transition,fixed,108,0.008001291301202515,0.62,0.6155768861686952
sequenced_transition,fixed,109,0.00800531225413701,0.62,0.615574663385913
sequenced_transition,fixed,110,0.0079945530349214,0.62,0.6155806110822954
sequenced_transition,fixed,111,0.00799649919686892,0.62,0.6155795352439709
sequenced_transition,fixed,112,0.008003348822974063,0.62,0.6155757487706599
sequenced_transition,fixed,113,0.008012533005932975,0.62,0.6155706717543202
sequenced_transition,fixed,114,0.00800405049338328,0.62,0.6155753608872577
sequenced_transition,fixed,115,0.008012492881870491,0.62,0.615570693934902
sequenced_transition,fixed,116,0.008000757997966243,0.62,0.6155771809787243
sequenced_transition,fixed,117,0.00800012208400594,0.62,0.6155775325119616
sequenced_transition,fixed,118,0.008016915453818283,0.62,0.6155682491371293
sequenced_transition,fixed,119,0.007998262202572265,0.62,0.6155785606544181
sequenced_transition,fixed,120,0.008008515143613849,0.62,0.6155728928286103
unconditional_protection,endogenous,0,0.3,0.62,0.56072
unconditional_protection,endogenous,1,0.3308107027643102,0.6103415240603787,0.5481692497554316
unconditional_protection,endogenous,2,0.36378240780997856,0.599636202201446,0.5351697882091176
unconditional_protection,endogenous,3,0.4023172242408196,0.588100906555415,0.5214556340155461
unconditional_protection,endogenous,4,0.44504571231474366,0.5754813987782104,0.5073841731623693
unconditional_protection,endogenous,5,0.49013309932779986,0.561625411926497,0.4934446723452651
unconditional_protection,endogenous,6,0.5384574521164576,0.5475786419903081,0.48025279610726557
unconditional_protection,endogenous,7,0.5900392362710102,0.5324935104136186,0.4676512001916593
unconditional_protection,endogenous,8,0.6425524325939755,0.5157917710829166,0.4559242926164693
unconditional_protection,endogenous,9,0.6945974424196119,0.4985058537193984,0.4457907147210509
unconditional_protection,endogenous,10,0.7445988896162627,0.48032054102965605,0.4373446843320878
unconditional_protection,endogenous,11,0.7916282114383774,0.46145409932174897,0.43067993163806206
unconditional_protection,endogenous,12,0.8335432947933561,0.44210289432812955,0.42582099919998945
unconditional_protection,endogenous,13,0.8695489630547804,0.42276622719092394,0.4225739394914435
unconditional_protection,endogenous,14,0.8995327790511635,0.4028087167312089,0.4205402811852193
unconditional_protection,endogenous,15,0.9236132388997979,0.38344368242427507,0.4195119970198083
unconditional_protection,endogenous,16,0.9419657213221374,0.3647733435812898,0.4191249671762768
unconditional_protection,endogenous,17,0.9554388976967445,0.34624802780427855,0.4190571258052595
unconditional_protection,endogenous,18,0.965114566029578,0.3285865905076308,0.41916281659884524
unconditional_protection,endogenous,19,0.9718450641487603,0.3110143155978827,0.4192887069781835
unconditional_protection,endogenous,20,0.9765903586919857,0.2948635307012615,0.41943149756072173
unconditional_protection,endogenous,21,0.979868004649199,0.27932614440929276,0.41953186286247823
unconditional_protection,endogenous,22,0.9819873396378822,0.26432505241113263,0.419560565883776
unconditional_protection,endogenous,23,0.9834932374780426,0.25007163406595284,0.41956127726494113
unconditional_protection,endogenous,24,0.984510872552165,0.23652425556625645,0.41952537718081984
unconditional_protection,endogenous,25,0.9852359994954407,0.2240561767932423,0.4194754108083995
unconditional_protection,endogenous,26,0.9857427317995149,0.21172607903013568,0.419399433616244
unconditional_protection,endogenous,27,0.9861634961182264,0.20031474533332322,0.41932969491688465
unconditional_protection,endogenous,28,0.9865051438810374,0.18979500093660892,0.419263244727451
unconditional_protection,endogenous,29,0.9867342427369002,0.17961353878303266,0.41918096013118755
unconditional_protection,endogenous,30,0.9869212820962199,0.17000244277783794,0.41910072852731933
unconditional_protection,endogenous,31,0.9871442366743084,0.16103485615004373,0.4190415971108211
unconditional_protection,endogenous,32,0.987355697773514,0.15225371146401404,0.4189853748478987
unconditional_protection,endogenous,33,0.9874933021722189,0.1442087269671076,0.4189224040557282
unconditional_protection,endogenous,34,0.987597184198447,0.13613706179696314,0.4188512037016708
unconditional_protection,endogenous,35,0.9877370649076267,0.12875433063803146,0.4188002836978512
unconditional_protection,endogenous,36,0.9878278354172065,0.12190972210314437,0.41874363903151807
unconditional_protection,endogenous,37,0.9879516327597682,0.11550751254370392,0.41870396833093837
unconditional_protection,endogenous,38,0.988032750538052,0.109533541385924,0.41865716470212433
unconditional_protection,endogenous,39,0.9881589538658113,0.10358127993965563,0.41862628233977206
unconditional_protection,endogenous,40,0.9882625846046045,0.09816414394605504,0.4185953021960951
unconditional_protection,endogenous,41,0.9883210633095313,0.09299823437369246,0.4185539690387973
unconditional_protection,endogenous,42,0.9884030800845772,0.08815027862989169,0.4185248908701992
unconditional_protection,endogenous,43,0.98846252429816,0.08393142976221994,0.41849613744129505
unconditional_protection,endogenous,44,0.9884896035251071,0.07919198428578716,0.41845052892589024
unconditional_protection,endogenous,45,0.9885342176533796,0.0752931146029196,0.41842104142251046
unconditional_protection,endogenous,46,0.9885665890660505,0.07146209411971292,0.41838872436979935
unconditional_protection,endogenous,47,0.9886135310378911,0.06755435636562322,0.4183606882581606
unconditional_protection,endogenous,48,0.9886685832932801,0.06439224761416498,0.4183443102513811
unconditional_protection,endogenous,49,0.9887040210375747,0.06117737658914405,0.41832090117788395
unconditional_protection,endogenous,50,0.9887499890836303,0.05776939562223461,0.4182989321189528
unconditional_protection,endogenous,51,0.9888179364396973,0.05485399561938807,0.41829117738327537
unconditional_protection,endogenous,52,0.9888299497396049,0.05208617246212519,0.41826453489251386
unconditional_protection,endogenous,53,0.988839548831474,0.04925062873539796,0.418236550786943
unconditional_protection,endogenous,54,0.9888910200482913,0.04681080037187088,0.41822852853456843
unconditional_protection,endogenous,55,0.9889256090817419,0.0447169802208977,0.4182181911739976
unconditional_protection,endogenous,56,0.9889368408417488,0.04236505220562687,0.4181963681093309
unconditional_protection,endogenous,57,0.9889892636398703,0.04025447256260204,0.4181929405932904
unconditional_protection,endogenous,58,0.9890240466239785,0.03837894788790476,0.418186006555647
unconditional_protection,endogenous,59,0.989020379284942,0.03595253478889097,0.4181575020255151
unconditional_protection,endogenous,60,0.9890183682054123,0.03391730169885569,0.41813462367198617
unconditional_protection,endogenous,61,0.9890758020332914,0.03264356304655004,0.41814296709128546
unconditional_protection,endogenous,62,0.9890725382268657,0.030914980758635097,0.41812276078846045
unconditional_protection,endogenous,63,0.9891034739182968,0.02976705830638163,0.4181224362590418
unconditional_protection,endogenous,64,0.9891236810148941,0.02821354979967351,0.4181134439969984
unconditional_protection,endogenous,65,0.9891489871173202,0.026774062216443604,0.4181079007196257
unconditional_protection,endogenous,66,0.9891532840266665,0.025654763665178087,0.41809744532433346
unconditional_protection,endogenous,67,0.9891310616295069,0.02418141897840406,0.41807255469978916
unconditional_protection,endogenous,68,0.9891485717801927,0.023004062760658094,0.4180667135864713
unconditional_protection,endogenous,69,0.9891597423167711,0.022170790629835097,0.4180623019191204
unconditional_protection,endogenous,70,0.9892080972788463,0.021182313117036507,0.41807098528802134
unconditional_protection,endogenous,71,0.9892139076947096,0.020172353331584916,0.4180624094528974
unconditional_protection,endogenous,72,0.9892266621867197,0.019264904802097426,0.41805764639122306
unconditional_protection,endogenous,73,0.9892467760868485,0.01840833286049139,0.41805644191141755
unconditional_protection,endogenous,74,0.9892248383185354,0.017413906662886863,0.41803674402150015
unconditional_protection,endogenous,75,0.9892198229277123,0.016436757936233337,0.4180241679844293
unconditional_protection,endogenous,76,0.9892234158535003,0.01572138775419525,0.41801805133893033
unconditional_protection,endogenous,77,0.98924032883483,0.014995293915118594,0.41801697234724194
unconditional_protection,endogenous,78,0.9892249519384347,0.014372789859479875,0.4180041290602505
unconditional_protection,endogenous,79,0.9892393646421912,0.014051580484588728,0.4180064963039334
unconditional_protection,endogenous,80,0.9892805818405591,0.013282478952981947,0.41801498635192286
unconditional_protection,endogenous,81,0.9892795781578622,0.012457895417293885,0.41800584713648603
unconditional_protection,endogenous,82,0.9892983389543573,0.012011269421801616,0.4180087090637845
unconditional_protection,endogenous,83,0.9893038056834484,0.011825139298710334,0.4180090691473355
unconditional_protection,endogenous,84,0.9893099529999213,0.011350454601271065,0.4180063789177205
unconditional_protection,endogenous,85,0.9892869556046101,0.011300526511771549,0.4179962979206671
unconditional_protection,endogenous,86,0.9892784917951533,0.010670465983660705,0.41798609305886714
unconditional_protection,endogenous,87,0.9893138035188921,0.010377556632860026,0.41799746935780274
unconditional_protection,endogenous,88,0.9893173929585705,0.010263467936540536,0.4179977211975711
unconditional_protection,endogenous,89,0.9893114732609901,0.009805448391131146,0.41799043715655676
unconditional_protection,endogenous,90,0.9893323014454806,0.009463338808298591,0.41799510023593756
unconditional_protection,endogenous,91,0.9893345278830046,0.009151668209357344,0.4179928230439734
unconditional_protection,endogenous,92,0.9893302241700358,0.009213405722134154,0.41799166919234465
unconditional_protection,endogenous,93,0.9893261843612273,0.009018299348375489,0.41798782851237953
unconditional_protection,endogenous,94,0.9893116329502093,0.008968549869058755,0.4179812667313733
unconditional_protection,endogenous,95,0.9893163310451527,0.009079455072305849,0.41798449164560225
unconditional_protection,endogenous,96,0.9893367318451816,0.008611834311420275,0.417988051044207
unconditional_protection,endogenous,97,0.9893524953491956,0.00826143815019111,0.41799064981749096
unconditional_protection,endogenous,98,0.9893496037173896,0.007979359897355646,0.41798648094535246
unconditional_protection,endogenous,99,0.9893398481582735,0.00824775325010212,0.4179853749337568
unconditional_protection,endogenous,100,0.9893591446165945,0.00818744903976658,0.41799277401143065
unconditional_protection,endogenous,101,0.98933584082273,0.008195419117816332,0.4179831775529679
unconditional_protection,endogenous,102,0.9893492097224965,0.007915886861257002,0.41798574885348855
unconditional_protection,endogenous,103,0.9893490771772582,0.0080783490335287,0.41798739707861404
unconditional_protection,endogenous,104,0.989322273615486,0.007814092152339292,0.4179733998465304
unconditional_protection,endogenous,105,0.9893394059796378,0.007842656993490302,0.4179808599684712
unconditional_protection,endogenous,106,0.9893077949071547,0.008001022385220826,0.4179695880217846
unconditional_protection,endogenous,107,0.989341163413752,0.008178877437628533,0.41798516463340324
unconditional_protection,endogenous,108,0.9893399213015124,0.00812854969607826,0.4179840228215052
unconditional_protection,endogenous,109,0.9893225675988635,0.007850968868911568,0.41797393171255764
unconditional_protection,endogenous,110,0.9893406018991097,0.007790904298765691,0.41798076477799295
unconditional_protection,endogenous,111,0.9893366019106246,0.007891495354718427,0.4179802748667835
unconditional_protection,endogenous,112,0.9893152116044602,0.00779945579974647,0.4179704865509646
unconditional_protection,endogenous,113,0.9893189002689772,0.007709466923063727,0.4179709570594508
unconditional_protection,endogenous,114,0.9893292902749217,0.007873115802704852,0.4179770677835671
unconditional_protection,endogenous,115,0.9893313604690926,0.007540087216319429,0.41797436033950225
unconditional_protection,endogenous,116,0.9893547700837413,0.007766891584569405,0.417986401517354
unconditional_protection,endogenous,117,0.9893214162115038,0.007621297065724068,0.41797073704044896
unconditional_protection,endogenous,118,0.9893253677922357,0.007220480968458024,0.41796808650599615
unconditional_protection,endogenous,119,0.9893352302341988,0.007124861929340897,0.4179713454616137
unconditional_protection,endogenous,120,0.9893749155398648,0.007457833281084015,0.4179914887916635
unconditional_protection,fixed,0,0.3,0.62,0.56072
unconditional_protection,fixed,1,0.3308107027643102,0.62,0.5546318051337723
unconditional_protection,fixed,2,0.3619114281987924,0.62,0.5484863017879186
unconditional_protection,fixed,3,0.3931138163929358,0.62,0.5423207098807559
unconditional_protection,fixed,4,0.4263399035206617,0.62,0.5357552350643172
unconditional_protection,fixed,5,0.46014414183420627,0.62,0.5290755175735609
unconditional_protection,fixed,6,0.4935603732463001,0.62,0.5224724702465311
unconditional_protection,fixed,7,0.527249509418231,0.62,0.5158154969389576
unconditional_protection,fixed,8,0.560168969003983,0.62,0.509310611724813
unconditional_protection,fixed,9,0.590885766111201,0.62,0.5032409726164266
unconditional_protection,fixed,10,0.6224888367633422,0.62,0.4969962058555636
unconditional_protection,fixed,11,0.6506058486366832,0.62,0.4914402843093914
unconditional_protection,fixed,12,0.6767236711284703,0.62,0.4862794025850143
unconditional_protection,fixed,13,0.7026146434339833,0.62,0.4811633464574449
unconditional_protection,fixed,14,0.7256642821508241,0.62,0.47660873784699714
unconditional_protection,fixed,15,0.7480623057974929,0.62,0.4721828883744154
unconditional_protection,fixed,16,0.7694367708668324,0.62,0.46795929407671394
unconditional_protection,fixed,17,0.7881675642715286,0.62,0.46425808929994594
unconditional_protection,fixed,18,0.8054356095186533,0.62,0.4608459235591141
unconditional_protection,fixed,19,0.8208458542106203,0.62,0.4578008592079814
unconditional_protection,fixed,20,0.8352821057779535,0.62,0.4549482558982764
unconditional_protection,fixed,21,0.8482298759021002,0.62,0.452389776521745
unconditional_protection,fixed,22,0.8600826959353518,0.62,0.4500476592831745
unconditional_protection,fixed,23,0.8703667383690407,0.62,0.4480155324982776
unconditional_protection,fixed,24,0.8799490313304131,0.62,0.44612207140911037
unconditional_protection,fixed,25,0.8880640189251974,0.62,0.44451854986038103
unconditional_protection,fixed,26,0.8954023024649809,0.62,0.4430685050329198
unconditional_protection,fixed,27,0.9020657856979045,0.62,0.44175180074609405
unconditional_protection,fixed,28,0.9086197495221842,0.62,0.44045673749441644
unconditional_protection,fixed,29,0.9140503116911762,0.62,0.4393836584098236
unconditional_protection,fixed,30,0.9188024891877671,0.62,0.4384446281364972
unconditional_protection,fixed,31,0.9230189784650625,0.62,0.43761144985530365
unconditional_protection,fixed,32,0.9264075064392925,0.62,0.4369418767275958
unconditional_protection,fixed,33,0.9296697296653009,0.62,0.4362972614181365
unconditional_protection,fixed,34,0.9327008027525133,0.62,0.43569832137610337
unconditional_protection,fixed,35,0.9351675651224378,0.62,0.4352108891318063
unconditional_protection,fixed,36,0.9373305137241872,0.62,0.4347834904881006
unconditional_protection,fixed,37,0.9391294852356403,0.62,0.43442801371743744
unconditional_protection,fixed,38,0.9412944403483081,0.62,0.4340002185871743
unconditional_protection,fixed,39,0.9428239897353725,0.62,0.4336979796282904
unconditional_protection,fixed,40,0.9440516074485716,0.62,0.4334554023681622
unconditional_protection,fixed,41,0.9454393413050541,0.62,0.4331811861581213
unconditional_protection,fixed,42,0.9464446732512413,0.62,0.43298253256555475
unconditional_protection,fixed,43,0.9472371754586005,0.62,0.43282593412938053
unconditional_protection,fixed,44,0.9482020008469576,0.62,0.43263528463264117
unconditional_protection,fixed,45,0.9489835911907138,0.62,0.43248084238071494
unconditional_protection,fixed,46,0.9497199860458426,0.62,0.4323353307573415
unconditional_protection,fixed,47,0.9502386738956715,0.62,0.43223283803821533
unconditional_protection,fixed,48,0.9508293390196266,0.62,0.43211612260972176
unconditional_protection,fixed,49,0.9512175358890196,0.62,0.4320394149083297
unconditional_protection,fixed,50,0.9514472729779282,0.62,0.4319940188595614
unconditional_protection,fixed,51,0.9516416401059623,0.62,0.4319556119150618
unconditional_protection,fixed,52,0.9521405487377945,0.62,0.4318570275694118
unconditional_protection,fixed,53,0.9523829064990522,0.62,0.43180913767578727
unconditional_protection,fixed,54,0.9526386643268009,0.62,0.43175859992902416
unconditional_protection,fixed,55,0.952887883123899,0.62,0.4317093542947175
unconditional_protection,fixed,56,0.9528979951918728,0.62,0.43170735615008593
unconditional_protection,fixed,57,0.9528858818065858,0.62,0.43170974975501863
unconditional_protection,fixed,58,0.9530174758764943,0.62,0.4316837467668047
unconditional_protection,fixed,59,0.9528714044293006,0.62,0.43171261048477017
unconditional_protection,fixed,60,0.953012111235925,0.62,0.4316848068197812
unconditional_protection,fixed,61,0.9531550831313804,0.62,0.43165655557323923
unconditional_protection,fixed,62,0.953190060112986,0.62,0.43164964412167395
unconditional_protection,fixed,63,0.953471022195133,0.62,0.4315941260142417
unconditional_protection,fixed,64,0.9536191500506981,0.62,0.43156485594998206
unconditional_protection,fixed,65,0.9536183824309615,0.62,0.431565007631642
unconditional_protection,fixed,66,0.9535975606172838,0.62,0.4315691220220247
unconditional_protection,fixed,67,0.9534537865313816,0.62,0.43159753178139904
unconditional_protection,fixed,68,0.9536983708130914,0.62,0.43154920192733315
unconditional_protection,fixed,69,0.9537374254065112,0.62,0.4315414847396734
unconditional_protection,fixed,70,0.9538012591561138,0.62,0.4315288711907519
unconditional_protection,fixed,71,0.9536186165148344,0.62,0.4315649613766687
unconditional_protection,fixed,72,0.9536317249046944,0.62,0.4315623711588324
unconditional_protection,fixed,73,0.9536658164767451,0.62,0.43155563466419516
unconditional_protection,fixed,74,0.9536266493579485,0.62,0.43156337408686934
unconditional_protection,fixed,75,0.9535184945468888,0.62,0.4315847454775348
unconditional_protection,fixed,76,0.9534488246216278,0.62,0.43159851225476636
unconditional_protection,fixed,77,0.9536561231661079,0.62,0.43155755006237706
unconditional_protection,fixed,78,0.9537395209665026,0.62,0.4315410706570191
unconditional_protection,fixed,79,0.9539515415124549,0.62,0.4314991753971389
unconditional_protection,fixed,80,0.9538860630432389,0.62,0.431512113942656
unconditional_protection,fixed,81,0.9538927409886248,0.62,0.4315107943806477
unconditional_protection,fixed,82,0.9538476136276806,0.62,0.4315197115471703
unconditional_protection,fixed,83,0.9539977906511516,0.62,0.4314900365673324
unconditional_protection,fixed,84,0.9539099748478881,0.62,0.4315073889700573
unconditional_protection,fixed,85,0.9539760474363337,0.62,0.43149433302658047
unconditional_protection,fixed,86,0.9536769098896427,0.62,0.4315534426058066
unconditional_protection,fixed,87,0.9535815637168013,0.62,0.4315722830095601
unconditional_protection,fixed,88,0.9537706492457159,0.62,0.43153491970904656
unconditional_protection,fixed,89,0.953689964561003,0.62,0.4315508630027458
unconditional_protection,fixed,90,0.9535422904620819,0.62,0.4315800434046926
unconditional_protection,fixed,91,0.9534143818591356,0.62,0.4316053181446348
unconditional_protection,fixed,92,0.953360844777074,0.62,0.43161589707205017
unconditional_protection,fixed,93,0.9532967759367802,0.62,0.4316285570748922
unconditional_protection,fixed,94,0.9534237989881168,0.62,0.43160345731994815
unconditional_protection,fixed,95,0.9534122707652624,0.62,0.43160573529678414
unconditional_protection,fixed,96,0.9532243858283143,0.62,0.4316428613603251
unconditional_protection,fixed,97,0.9531835004178735,0.62,0.43165094031742823
unconditional_protection,fixed,98,0.9531158006635119,0.62,0.43166431778889003
unconditional_protection,fixed,99,0.9531545560687179,0.62,0.43165665972082135
unconditional_protection,fixed,100,0.9533438134545116,0.62,0.4316192624613885
unconditional_protection,fixed,101,0.9535582780931648,0.62,0.4315768842487906
unconditional_protection,fixed,102,0.9534981407784291,0.62,0.4315887673821824
unconditional_protection,fixed,103,0.9534298371449594,0.62,0.431602264180156
unconditional_protection,fixed,104,0.9533988380680047,0.62,0.43160838959776227
unconditional_protection,fixed,105,0.9532336348807099,0.62,0.43164103374757173
unconditional_protection,fixed,106,0.9533461048933198,0.62,0.43161880967308003
unconditional_protection,fixed,107,0.9534293933245342,0.62,0.43160235187907203
unconditional_protection,fixed,108,0.953382633032158,0.62,0.4316115917128456
unconditional_protection,fixed,109,0.9534414970515369,0.62,0.4315999601826163
unconditional_protection,fixed,110,0.9532633851989611,0.62,0.43163515508468525
unconditional_protection,fixed,111,0.9532093211398686,0.62,0.431645838142762
unconditional_protection,fixed,112,0.9532806558447661,0.62,0.43163174240507424
unconditional_protection,fixed,113,0.9534813129878615,0.62,0.43159209255359854
unconditional_protection,fixed,114,0.9534577431742634,0.62,0.43159674994876557
unconditional_protection,fixed,115,0.9536199453973158,0.62,0.4315646987894904
unconditional_protection,fixed,116,0.953488024197076,0.62,0.4315907664186578
unconditional_protection,fixed,117,0.9534208749860237,0.62,0.43160403510276174
unconditional_protection,fixed,118,0.9537038363829075,0.62,0.4315481219307375
unconditional_protection,fixed,119,0.9535048674680414,0.62,0.431587438188315
unconditional_protection,fixed,120,0.9536190483750216,0.62,0.4315648760410957
